id,word
87,いきなり
5322,怪物王女
3011,マルドゥックスクランブル
6529,現地語表記
7931,駅名
7769,闇に舞い降りた天才
5826,月島
4027,冬
951,イラスト
261,さいたまスーパーアリーナ
7312,製作著作
6644,白騎士物語
2262,トーク
2803,プレイステーションポータブル
5397,戦え超ロボット生命体トランスフォーマー
135,おかあさんといっしょ
711,れいこ
6233,汚言症
7928,馬詰柳太郎
3465,三浦友和
1705,シリーズ天羽翼
7499,近畿広域圏
4406,告白
553,ふたりはプリキュア
2740,ブギーポップは笑わない
800,アニソンに愛を込めて
7871,音楽根岸貴幸
7710,長所
2536,パルフェ
4937,対
151,おねだり
6803,福島県福島中央テレビ年月日
2039,ダンガンロンパ
7706,長崎県長崎文化放送
7172,花宵ロマネスク
564,ほ
2910,ポケットモンスター
1535,コンピレーション
5486,攻撃再開
6959,精液
748,アキカン大地カケル
3129,モノノ怪
4873,官能昔話
4165,北斗の拳
3629,予後
4158,北アイルランド
2707,フジテレビ版
3421,ヴェネト州
6104,横浜スタジアム
4306,受賞歴など
2976,マスクオブライト
6694,真恋姫夢想
6910,第二部
1303,キャラクターデザイン総作画監督
2131,テレビ宮崎
4395,君に捧ぐ物語
7934,駒込駅
5043,山梨県南都留郡
2724,フリー
2774,ブロッケンブラッド
1634,ザクイズショウ
964,インターネット放送
1326,キング
7722,長谷川裕一
4537,堂本剛名義
1630,ザイロモネア
634,みんなのうた
5187,年月日テイルズ
5908,朽木ルキア
5465,推理つき
1044,エドゥアルドセラ
1801,スクービードゥー
4730,天下覇道の剣
5396,戦う司書
1903,スーパーマリン
5411,戦闘妖精少女
2070,チリ
4708,大賞
7041,総力特集
2496,バンダイナムコゲームス
2211,デュエルマスターズ
180,かきふらい
1272,キプロス
1048,エピソード
7238,著作権
615,みずたまぱにっく
4806,妖奇士
2086,ティターン
7485,輝きのタクト
988,ウィルオウィスプ
2154,テレビ静岡
1723,シーズン
4698,大沢樹生
2443,ハングリーハート
7078,美術進行
2862,ベルサイユのばら
7329,西郷隆盛
2438,ハロウィン
1367,クオリア
4596,声関俊彦
994,ウェブ
5020,山口百恵全曲集位
7824,青い文学シリーズ
744,アカネ科
4834,学園祭ツアー
3132,モモっとトーク
3917,儒教
4793,女子アナ一直線
5754,時ヲ止メテ
7721,長谷川穂積
2595,ピアニスト
251,この醜くも美しい世界
8007,鶴巻和哉
7101,聖桜生徒会
1661,シチリア州
5700,旧芸名の若本紀昭で出演
4761,太字はアニメ主題歌
4138,加藤英美里
4544,塚本高史
7076,美術監督美術設定
582,まこと
5779,書籍
3517,世界遺産
6881,第一体育館
488,の夢旅人
2520,パチスロ貴族
7552,遊☆戯☆王ファイブディーズ
1796,スキヤキウエスタン
3220,ラッシュアワーカーター
1070,エリーのアトリエ
4579,声根谷美智子
1823,スタッフ映画
4643,大きさ
6118,機動戦士ζガンダム
6990,紫
1299,キャラクターデザイン
5293,忌野
6220,水野良樹
3766,任侠ヘルパー
4328,史料
7303,装飾
7557,過去と未来の絆
2356,ニーナアントーク
1117,オペレーションケイオス
7083,羽根ペン
22,大阪大阪城ホール
4180,北海道立総合体育センター
4065,初版
28,愛知ナゴヤドーム
3669,交響曲第番
3790,会いたくて
7899,風のららら
879,アルフォンスエルリック
4484,圧縮
3937,光の射す場所
5547,文芸評論家
458,なつみ
3931,兄弟
1953,ソウルファイト
934,イタリア
1883,スポーツ
6687,真夏の果実
6183,残酷な天使のテーゼ
4365,同音異義語
2906,ボーカルミニアルバム
5892,本土
1627,ザ
1190,カテゴリ別
6515,玉座を継ぐ者
5629,日曜日
2208,デビュー後
2427,ハリーと同学年の女子生徒
3060,ムンバイ
5287,心あたたまる物語
3301,ルート
1194,カヌチ
5888,本人
7348,角川書店角川スニーカー文庫
3964,公務員元助役
773,アスミス
7576,遠藤
5645,日本テレビ
7309,製作協力
5147,幕末機関説
3436,一軍
323,するがモンキー
3327,レジェンドオブクリスタニアレードン
2114,テレビアニメネオ
5429,手塚
5018,山口朝日放送
952,イラストコレクション
382,たっちしよっ
6680,眞魔国でもバレンタイン
5596,新潟総合テレビ
1107,オトロシの妖姫
50,あかりりゅりゅ羽
1508,コミック版
2409,ハウス食品
5362,愛とバクダン
2583,ビッグガンガン
4313,古手川祐子
34,東京国立代々木競技場
3332,レッツゴー
249,この節の日付は現地時間
5255,彩雲国物語
6093,構成西崎義展
2629,ファゴット
424,ときめきメモリアル
981,ウィキ
2752,ブラント
2043,ダークネス
3344,レートー
1152,オーシャンズ
764,アサヒ飲料
6640,白洲次郎
6286,注
1704,シリーズ古手梨花
4532,埼玉西武ライオンズの選手一覧
5039,山本圭一
1085,エンディングテーマ集
3400,ワールドツアー
4439,喜劇
3254,リトルバスターズ
6859,空飛ぶ幽霊船
561,へいぞう
5177,年度別投手成績
5134,市川雷蔵
1255,ガールミーツガール
1975,ソーシャルゲーム
5264,役所広司
4255,原作青山剛昌
7509,迷い猫オーバーラン
1816,スタジアム広島
4886,実演ツアー
6891,第一譚
6251,沈まぬ太陽
1055,エピソードシスの復讐
7008,経済
7935,驚きの嵐世紀の実験
1895,スロットル
3918,儚くも永久のカナシ
6291,洋画海外ドラマ
7274,虹
5388,慈善活動
6895,第三巻
3236,ランペイジ
4022,写真集
6008,林部直樹ギター
1860,スピッツ
3570,丸井
6059,森本浩史
1739,ジャイアント
1336,キーワード
1695,ショーバイ
6020,柴田
4997,尾崎豊
5904,本間昭光キーボード
2869,ベートーヴェン交響曲第番
5863,木曜の怪談
5606,新選組
3414,ヴァンパイア騎士
2810,プレミアムエディション
5946,東京都港区六本木
4450,回
5443,技術者
2465,バジリスク
6267,沢田研二
3309,レイ
6078,楓
6861,窒息自殺
539,ひめひび
2421,ハヤテのごとく
3109,メルルのアトリエ
7261,藤井リナ
2870,ペッティング
518,ひぐらしの哭く頃に
7539,週刊ファミ通
2898,ボクとホロの一年
1945,ゼロの使い魔
2624,ファイブ
6177,死後
2600,ピエロ
7007,経歴特色
7151,航空機
5612,施設
5940,東京少女
2631,ファミコンジャンプ
7358,記号
7150,航空
797,アナログ
5665,日本放送映画藝術大賞
408,つちやかおり
1060,エミルクロニクルオンライン
3731,仙石原
6368,渡辺秀武
3210,ラジオマテリアル
6731,石森史郎
1730,ジェイストーム
2299,ドラム
7414,豆知識
3126,モノクロームファクター
7292,街
2122,テレビドラマ
471,にょろーん
2891,ホーカー
6620,発売時期
3709,今日からマ王
7910,飛べない翼人魚の瓶
5613,旅客合計
7543,週刊少年マガジン
172,お笑いワイドショー
4300,収録曲
922,イオン
916,アーススター
1959,ソニーミュージックレコーズ
5341,恋愛写真
4989,少女革命ウテナ
4725,大阪府大阪市淀川区
6405,瀬川
6672,相模原市
1564,ゴールドディスク大賞
6586,町
6809,私立ジャスティス学園
6265,沢村栄治
6181,死神姫の再婚
1361,クイズマジックアカデミー
5282,徳川家康
8020,麒麟
2765,ブレイドダンサー
6976,紅
3180,ライト
6272,河津清三郎
498,はっぴぃセブン
2913,ポケモン
2635,ファルシ
5288,心あたたまる物語外伝
6030,根岸孝旨ベース
6559,用語解説
347,その他の登場人物
4431,品番
5114,工藤
3063,メイク
4673,大塚愛
3778,伊吹萃香
7470,踊る♪合唱部
7372,話
5050,山田正弘
7883,音隠れの里
728,アイゴ科
4164,北幌高校学校祭
2412,ハチミツとクローバー
7311,製作総指揮
1715,シングルベスト
6509,獣の奏者
1496,コトブキヤ
1261,キッズウォー
6438,燃えよ剣年
7831,青森テレビ
739,アイモ
7732,門矢士
4021,写真家
1414,グッドネイバーホテル
5270,後藤
7399,諸田敏
1999,タツノコ
3524,中
7918,飯田圭織
1510,コヤス年月日
7789,陽子
6228,永島慎二
6467,特別篇
3453,三島
5686,日清食品カップヌードル
3223,ラフレシア科
5476,摩訶不思議
7670,鉄木
2856,ベネッセコーポレーション
1667,シナモン
7293,街へいこうよ
948,イメージキャラクター年
532,ひとつ屋根の下
2739,フーリエ
3076,メガネ編
3020,ミサワホーム
578,ぼくらの勇気
1145,オレらの夏は終わらない
7704,長崎県
7500,近畿広域圏朝日放送
2957,マクロス
1682,シャーマンズ
5144,幕之内一歩日本王者
5295,忍
5458,捜査録
4141,助演男優賞
1573,サイボーグ
228,けんと
7079,美雪
6591,畑健二郎
6700,真田一輝
7562,過去の出演番組
2653,ファン感謝祭
6741,研ナオコ
7112,能ある悪党は牙をかくすその
2867,ベース
5015,山口
1098,オカンとボクと時々オトン
2165,ディアリースターズ
6086,楽譜
5296,忍たま乱太郎
5995,松田優作
5953,東北地方
5237,広島県広島ホームテレビ
357,その指だけが知っている
6253,沖田総悟
897,アンド
7987,魔術師
6532,理系男子キャラクターソング
6384,演劇集団キャラメルボックス
5861,木原敏江
210,きらら
6335,涼宮ハルヒの弦奏
1808,スコットランド
7569,道教
1724,シーズンファイナル
2597,ピアノソロ
7671,鉄砲
1487,コア数スレッド数
6622,発売順
4535,堀越高等学校の人物一覧
5464,接続詞省略
154,おまけ
179,かおる
7892,順位
6606,疫学
5436,扶桑社
1571,サイドアームズ
7182,芸風
4861,安田
6136,欧州連合
7446,赤木
803,アニソン大好き
374,たかひさ
4071,別冊
7513,追憶
6520,王子様はカエル
5277,御色なおし
5412,戦闘機一覧
3794,会計方
2235,トライアングラー
2827,プロモーションビデオ
5372,愛媛朝日テレビ
4376,名前背番号役職
5984,松平健
5132,市原隼人
2907,ボードゲーム
6094,構築済みスターターボックス
6040,桑田佳祐
2706,フジテレビ火曜時枠の連続ドラマ
6009,枚組
1752,ジャングルはいつもハレのちグゥ
7043,総合
5982,松山
7428,販売生産番号
7743,間柴了
5141,幕
6075,検査
5231,広島
4631,夜桜四重奏
5309,快刀乱麻
270,さとり
5930,東京ドーム
5475,摩砂雪
3270,リミックス
7610,重量
6796,福岡県出身の人物一覧
398,ちびたりあ
6474,特捜戦隊デカレンジャー
7527,逢坂
3757,仮面ライダー倶楽部
2466,バス
4852,宇宙戦艦ヤマト完結編
4346,合体技
5782,曽我泰久
1847,ストレート
3826,何もかもが君だった
7474,身体的特徴
6244,池田
3353,ロシア帝国
7637,金曜プレステージ
1177,カイルリース
6984,素敵探偵ラビリンス
7253,薔薇水晶
6317,海外版
6593,畠山
149,おねがいマイメロディ
5776,暴れん坊教師
3490,上越新幹線
6259,沖縄県琉球放送
7505,近藤勇
1184,カゴメ
1479,ゲーム作品
6476,特撮監督
6601,番外編
3285,リングにかけろ
2648,ファントムブラッド
1666,シドとチョコボの不思議なダンジョン
6245,池田城
7478,軌跡
5048,山田城
3426,ヴォーカルアルバム
2276,ドライブ
1495,コスプレ
4885,実業家
5623,日刊スポーツドラマグランプリ
3475,上
520,ひぐらしデイブレイク改
5204,年東映
8003,鳴動の宇宙
2962,マグノリアの海賊
2171,ディスコグラフィー
6877,笑福亭鶴瓶
1212,カリフォルニア州
1509,コムカデ綱
658,やよい
1844,ストレイラブハーツ
2798,プレイスタイルアグレッシブベースライナー
6947,箒
6762,神崎
7300,裁判官
3470,三目並べ
5302,志村
2199,デスティニー
7144,舞原賢三
568,ほしいもパラダイス
6508,獏狩り
3522,両儀式坂本真綾
6150,歌阿散井恋次伊藤健太郎
2689,フォウストーリー
1304,キャラクターファイル
716,わが家の歴史
3158,ヤングガンガン
2701,フクナガユウジ塚原悠
3023,ミスティアイランド
6632,登場曲
6235,江夏豊
5796,最後の晩餐
3001,マリア
2014,ターミネーター
6721,石井
5864,木曜スペシャル
7425,販売
5714,明解サイキック読本
2509,バースト
5298,忍者戦隊カクレンジャー
3662,亜高山帯針葉樹林
6573,田村亮
1902,スーパーマリオブラザーズ
1265,キディグレイド
1193,カナリア
3540,中央公論社
5848,朝日山城
4939,対応
3343,レンタル執事
4902,宮崎市民会館
2986,マッスルジェネレーションズ
2037,ダルビッシュ有
7489,輪サーカス
2451,ハートキャッチプリキュア
1417,グラビアアイドル
1301,キャラクターデザイン原案
2096,テスカトリポカ
7012,結城
6542,生い立ち
6914,第六章
220,けいこ
4137,加藤晴彦
6827,秋田県
6668,直江兼続
5803,最終決戦
5378,愛玩王子
7605,配給松竹
194,かぶき町銀玉大争奪戦
6337,涼宮ハルヒの戸惑
2160,テーマ
6708,着うた
3983,公演会場新宿コマ劇場
3037,ミュウツー
4458,国会議員
5791,最南端
512,ひかる
4965,小林城
3059,ムック
2964,マザー
2984,マッケンジー
8021,麒麟麦酒
3476,上原
5202,年月英知出版
4763,太字は主役ヒロイン
128,えいじ
1328,キングコング
